chr5	298	309	1	A
chr5	7241	7249	1	A
chr5	9390	9399	1	A
chr5	10062	10077	1	T
chr5	10673	10688	1	A
chr5	15411	15439	1	T
chr5	15503	15512	1	T
chr5	16887	16897	1	T
chr5	17044	17058	1	T
chr5	19394	19402	1	A
chr5	20647	20655	1	A
chr5	20965	20974	1	A
chr5	21005	21014	2	AT
chr5	22490	22498	1	T
chr5	24686	24697	1	T
chr5	25452	25462	1	A
chr5	32035	32043	1	A
chr5	32296	32310	1	T
chr5	32477	32485	1	T
chr5	32685	32694	2	AT
chr5	37544	37555	4	TACA
chr5	41515	41523	1	T
chr5	46982	47004	1	T
chr5	47414	47426	1	T
chr5	47459	47469	1	T
chr5	47471	47482	1	T
chr5	47958	47968	1	T
chr5	53447	53461	1	A
chr5	53475	53485	1	A
chr5	57340	57348	1	T
chr5	58315	58328	1	T
chr5	60745	60753	1	T
chr5	60865	60874	1	T
chr5	61581	61598	1	A
chr5	61748	61765	1	A
chr5	65546	65562	1	T
chr5	65866	65878	1	A
chr5	66016	66032	1	T
chr5	66553	66572	1	T
chr5	70019	70036	1	T
chr5	71967	71986	1	T
chr5	73115	73127	1	A
chr5	74772	74785	2	AC
chr5	74787	74795	1	A
chr5	75767	75776	1	A
chr5	76053	76066	1	T
chr5	77170	77181	1	T
chr5	79266	79280	1	T
chr5	81461	81470	1	T
chr5	84389	84407	1	T
chr5	85497	85508	4	CATA
chr5	87360	87372	1	T
chr5	88404	88415	2	AC
chr5	89749	89757	1	A
chr5	91545	91558	1	A
chr5	96686	96706	1	A
chr5	99436	99446	1	T
chr5	101894	101902	1	T
chr5	102333	102341	1	A
chr5	102511	102521	1	A
chr5	104055	104098	4	TTTA
chr5	104639	104654	1	A
chr5	106700	106714	1	A
chr5	107100	107117	1	A
chr5	107498	107507	1	A
chr5	108526	108541	2	CA
chr5	111255	111267	1	A
chr5	111276	111284	1	A
chr5	117685	117718	2	AC
chr5	118533	118552	1	T
chr5	119007	119016	1	T
chr5	123843	123851	1	T
chr5	124089	124103	1	A
chr5	124177	124188	1	A
chr5	124240	124254	3	TAA
chr5	124519	124527	1	T
chr5	125960	125976	1	A
chr5	127595	127603	1	T
chr5	128616	128629	1	T
chr5	130683	130702	1	T
chr5	131608	131617	1	T
chr5	131741	131762	1	T
chr5	131911	131919	1	T
chr5	133075	133092	1	T
chr5	133512	133537	1	T
chr5	133668	133681	1	C
chr5	137481	137490	2	AG
chr5	142034	142042	1	A
